review_text,rating,date
good services,5,2026-08-13 20:41:46
It is so safe 🤍,5,2026-08-13 20:39:00
good service,5,2026-08-13 20:17:47
supper 😍,5,2026-08-13 19:03:34
this pick me app is so amazing.very help full.sometimes very cheap. but some times very expensive.🤔🤔🤔,5,2026-08-13 17:54:56
Good Job,5,2026-08-13 15:53:11
good,5,2026-08-13 15:28:28
good hire app,5,2026-08-13 15:27:51
well transportation,5,2026-08-13 11:51:06
thank,5,2026-08-13 09:47:56
nice 💐👍,5,2026-08-13 06:43:16
good,5,2026-08-13 02:16:55
good 👍❤️,5,2026-08-13 01:14:19
Woow,5,2026-08-13 00:36:05
"helfpul,kindness will have to all pickme drivers",5,2026-08-12 18:23:55
ඇත්තටම කිව්වොත් Pickme App එක ගෝඩක් හොදයි. ♥️♥️♥️♥️♥️♥️♥️♥️,5,2026-08-12 15:02:33
සුපිරි,5,2026-08-12 14:54:21
අනෙ පනෙ තනෙ වැඩෙ 😅,5,2026-08-12 14:28:18
super නියම app එක වැඩත් පහසුයි😁😁😁👌👌👍👍,5,2026-08-12 13:15:13
valuable,5,2026-08-12 10:24:48
this app very helpful,4,2026-08-12 09:44:07
"these guys are terrible, they dont take any responsibility. customer service ignores you and closes tickets. absolute worst customer service.",1,2026-08-12 08:42:56
good,5,2026-08-12 08:28:50
good,2,2026-08-12 00:24:22
"super, i always used my traveling partner 🥰",5,2026-08-11 22:16:35
this happened to me multiple times where i order food and it takes hours for a rider to get assigned. there should be an option to cancel the order after a certain time limit because we have other things to do than waiting for 2h for food. the numbers for restaurants in the app dont work half the time too. the hot line is useless most of the time,1,2026-08-11 17:58:43
this app is a not trust that is laying 50% discunt frist ride. not it offer working,1,2026-08-11 17:12:48
nice,5,2026-08-11 16:04:21
"The new “Bid” feature has made PickMe extremely frustrating. Bidding gets activated automatically, and drivers take a long time to accept rides because they wait for higher offers. Many drivers then ask for an extra Rs.100 or more for a trip. This makes booking slow, stressful, and unpredictable. PickMe should give passengers the option to disable bidding and keep a fixed-fare system. The app was much more convenient before this feature.",1,2026-08-11 15:28:32
"Good,not bad but therenne are some lag spikes but no problem",4,2026-08-11 14:46:47
good,2,2026-08-11 13:39:33
all is good,5,2026-08-11 12:43:34
cheap and quick,5,2026-08-11 12:13:10
good service,5,2026-08-11 12:06:52
It is very good,5,2026-08-11 11:47:32
Best pick app♥️,5,2026-08-11 11:21:55
good,4,2026-08-11 09:56:20
good,5,2026-08-10 14:40:15
vasi❤️❤️❤️❤️❤️,5,2026-08-10 09:19:23
"after taking 4 hours, they cancelled my food order reason- drivers are available to pick up that order 🤣",1,2026-08-09 23:16:05
"Drivers pick rides when they on another, we have to wait until they finish that trip and come to pick up. Please update the app such that the drivers wouldn't be able to pick rides while they on a trip",5,2026-08-09 15:52:47
it's a user-friendly app however it may required timely information gets updated automatically. The app gets updated without delay,5,2026-08-09 08:34:52
"without any reason they permanently blocked me , also not provide any contact numbers to contact office. kindly mention here your customer care numbers",1,2026-08-09 07:17:26
good,5,2026-08-08 17:47:28
frequently need to updates,5,2026-08-08 17:29:52
ok,4,2026-08-08 16:41:39
"I feel safe, and the service is fast.💙",5,2026-08-08 13:24:08
super App,4,2026-08-08 00:42:41
good,5,2026-08-07 19:51:34
better,5,2026-08-07 19:37:44
help to easy travel,5,2026-08-07 15:54:34
good,5,2026-08-07 15:50:14
Good app 🤝,5,2026-08-07 13:55:55
please introduce a dark theme in this app.its too useful to save battery life and protect our eyes in android 8 high performance devices,4,2026-08-06 19:02:48
"Really good experience, it is faster to get vehicles compared to other apps but the only thing that I would like to add is the Dead Reconning System for a smoother tracking",4,2026-08-06 10:46:09
Foods are no promotions,5,2026-08-06 10:31:50
goooooooooooooood,5,2026-08-06 02:34:25
it's good service,5,2026-08-05 17:12:33
good most of the times driver says no change,3,2026-08-05 12:55:30
ගොඩක් හොඳයි ඉතින් සල්ලි වැඩි ප්‍රමාණයක් වැය වෙන්නේ නෑ පික්මී ඇප්ස්ටෝලීන්,5,2026-08-05 12:37:20
Good,4,2026-08-05 10:53:00
good 👍,5,2026-08-04 19:27:53
super,5,2026-08-04 08:39:15
Very comfortable,5,2026-08-03 19:46:39
well,5,2026-08-03 17:07:56
they virtually create a demand to vehicles and charging from customers by saying surge . if you took meeter taxi may cost 130 per km . when you travel with pick for 5 km they charge. fair + 400 surge . but when you took meter taxi it may cost 130 *5,1,2026-08-03 10:57:02
dude can't even schedule rides. Unable to set time in android 🤦‍♀️ seriously annoying,1,2026-08-02 22:32:26
"Deserves 0 stars. Worst delivery app I’ve ever used. Waited nearly 2 hours while my food sat cold at the restaurant for 90 mins with no driver assigned. Customer support offers zero help, just repetitive canned responses. Customer support repeatedly promised a driver was coming soon, offering no real solutions. Do not accept orders if you lack rider coverage. Extremely disappointing experience.",1,2026-08-02 21:05:01
the best riding app but too much ads that's frustrating 😕,5,2026-08-02 13:43:23
wrost App,1,2026-08-01 23:17:29
excellent very good appl,5,2026-08-01 21:05:36
its has become a crapy app. food delivery is in a sad state. have to wait for hours to get food now. it takes half an hour to assign a drive after food is ready. if you don't have riders near by don't take orders. wasting people's time an money. booking taxi they can cancel without notice. but if we cancel we are charged. why only 1 sided. if they cancel they should be fined as well.,1,2026-08-01 21:05:02
suoer best app,5,2026-08-01 20:12:25
"Worst app of all time When I wanted my drivers details they cause I need to know if my child arrived at the class. They said wait 24 hours to get the details , so that mean I need to 24 hours to see what has happened to my child. A another time when someone accepted my trip I waited 20 minutes but the accepted person did not arrive so I cancelled it beacase of the driver did not come, For that they charged me money.",1,2026-08-01 14:57:11
great app and the drivers are amazing and friendly and doing such a great and valuable job for the money we spent 💝,5,2026-08-01 14:43:12
Huawei mobile is not support pick me pls chek,5,2026-07-31 20:35:05
it is very good app fo transport,5,2026-07-31 20:18:20
pick me flash receiver location is incorrect and not updating. very poor location tracking,1,2026-07-31 17:34:25
super drive and beautiful,5,2026-07-31 15:50:45
some drivers lies to customers. dont have proper regulation. not recommended as a good service.,1,2026-07-31 13:24:15
very good,5,2026-07-31 12:46:28
nice service,4,2026-07-30 20:20:53
goof,5,2026-07-30 19:05:11
Perfect,5,2026-07-30 07:39:08
Good app,4,2026-07-30 01:24:06
"never add your ATM card to this app, without using pick me there cut money",1,2026-07-30 00:49:46
after the recent update the app is crashing every time. and each time needs to clear data and cashes or uninstall to use it.,1,2026-07-29 20:47:30
"Worst transport service ever. Most of the drivers, including AAU-9178, overcharge customers when they realize they don’t know the route. The app showed 1075/= for me, but the driver charged 1400/=. Unreasonable!!!",1,2026-07-29 16:50:02
good,5,2026-07-29 11:01:03
"This was one of the worst customer service experiences I've ever had. The staff were rude, unprofessional, and showed little interest in helping customers. My concerns were ignored, communication was poor, and the overall service was disappointing. I would not recommend this business unless they make significant improvements to how they treat their customers. Very disappointing experience.",1,2026-07-29 02:33:28
"very bad customer service, They don't have the responsibility and accountability for what they are doing. They don't have any solutions for customer grievences.",1,2026-07-28 23:59:01
I downloaded this app but somehow this doesn't work well via still loading for a an hour. guys lemme know is this app had any issue..,1,2026-07-28 20:36:36
I never received this order.when I went to pickup I was told a pick me rider collected it.very disappointed.shall not use card payment method again with you.,1,2026-07-28 00:37:59
🤙,5,2026-07-27 13:00:29
good platform,5,2026-07-27 12:17:26
Good service,5,2026-07-27 10:19:37
"Terrible service, specially when trying to reclaim overcharges and when trying to get food ordered in weekends.",1,2026-07-26 20:12:24
best useful app,5,2026-07-26 16:10:27
🤙,5,2026-07-25 20:34:50
𝑒𝑎𝑠𝑦 𝑡𝑜 ℎ𝑖𝑟𝑒 𝑣𝑒ℎ𝑖𝑐𝑙𝑒 𝑤ℎ𝑒𝑛 𝑤𝑒 𝑎𝑟𝑒 𝑖𝑛 𝑎 𝑒𝑚𝑒𝑟𝑔𝑒𝑛𝑐𝑦 𝑠𝑖𝑡𝑢𝑎𝑡𝑖𝑜𝑛,5,2026-07-25 18:13:24
problem. After I got in a trip.its connects with another drivers,1,2026-07-25 15:10:45
"I have traveled to the same destination twice for the same price of 300. However, the app recently showed me the same price, but it showed 600 for the driver. This has happened nearly 3 to 4 times now. This pricing system is extremely bad.",1,2026-07-25 13:16:09
Great app easy to use as foriegner.,5,2026-07-25 11:32:41
bring the downloadable receipt option,4,2026-07-24 17:39:41
good,5,2026-07-24 17:15:52
this app doesn't work on my phone and honestly i don't know what's the issue. I've updated software patch and I'm using Android 15 version with Redmi A5 mobile. couple months ago i've been using pick me app with no problem or anything but lately nowadays when I trying to log on my account app saying please wait interface only. please fix this issue dear company. thanks.,2,2026-07-24 16:51:22
Too many promotional notifications,2,2026-07-24 15:09:38
"very bad experience and expensive, increase price after booking also, very bad 👎",1,2026-07-24 09:56:19
"I would like to report a bug, I'm using the latest version of the app. When I try to schedule a ride I can choose the date but I can't change the time. Please look into this.",1,2026-07-24 06:10:23
it comfortable to me,1,2026-07-23 22:05:33
Dissapointing. Takes more than usual time to pickup orders.,1,2026-07-23 21:06:55
Overall good service but certain times difficult to find vehicles specially from Kelaniya area .Kindly improve the later option further.,4,2026-07-23 15:00:28
good work,5,2026-07-23 11:09:10
When will the temporary fuel surcharge be removed?,4,2026-07-22 18:08:05
good job,2,2026-07-22 03:20:42
scamers,1,2026-07-22 00:08:58
excellent.,5,2026-07-21 14:57:29
very bad service for driver and custemer,1,2026-07-21 08:27:27
good service,5,2026-07-21 04:36:53
good,5,2026-07-20 10:25:03
best,5,2026-07-20 04:42:49
𝐦𝐲 𝐟𝐚𝐯 𝐚𝐩𝐩,5,2026-07-19 20:39:20
"HelaGo and Uber are better than PickMe. Their rates are fair, and they don't have hidden fees like PickMe. I'm disappointed with PickMe's service and wouldn't recommend it.",1,2026-07-19 16:52:50
Good app,5,2026-07-19 10:39:33
there are no enough locations,1,2026-07-19 10:25:16
really easy to use. it really appreciateable if you notify approximate amount including the hire amount. Most of the people confirm the hire with the price showing. sometimes they might don't have extra money. most of the time tuk's number plate different. drivers intentionally driving slowly near signal light to stop on Red 🔴 signal. You guys need to have an option to notify.,4,2026-07-19 08:19:34
Good service reasonable charges and quick service,5,2026-07-19 05:31:19
"I have been with Pick Me for a very long time, but the Pick Me app has not improved . Directions to locations are without roads. To tell you the truth , improvement is not seen at all. Pick Me is lucky that they don't have proper competition.",3,2026-07-18 19:51:49
driver bad attitude,1,2026-07-18 17:42:54
good,2,2026-07-18 12:09:11
excellent,5,2026-07-17 06:58:27
not ux friendly at all and full of bugs,1,2026-07-16 20:23:28
"when we cancel a ride selecting option to change the rider partner, it keeps on connecting to the same rider again and again... non sense app",1,2026-07-16 19:59:56
please add dark mode,4,2026-07-16 14:46:59
Trusted service,2,2026-07-16 08:19:18
good,5,2026-07-16 03:26:26
👍🏾,5,2026-07-15 22:51:50
one of good service in sri lanka,5,2026-07-15 09:56:07
App is good but better if you are not given the bid option for drivers Because of that the drivers bid unnecessarily and requesting over charges without accepting the ride. Therfore we get late.,4,2026-07-15 07:18:41
good,5,2026-07-14 18:21:52
App eka hodai habai mehemai hadissiykt yanna plane ekakui ganwathurata yanna bottuwakui thibba nm maru salli thibbata karanna deyak na apita meke ehema una nm taru 5m denawa,4,2026-07-14 14:25:02
excellent,5,2026-07-14 12:39:34
fix your damn map bro,1,2026-07-14 10:24:34
good service,4,2026-07-14 10:13:38
Bad customer service from Pick me.,1,2026-07-14 02:39:56
මරාගෙන කන සේවාවක්,1,2026-07-13 19:03:24
"Initially I was happy about this app and it helped me a lot.But very disappointed after I ordered an item which was wrongly displayed in the app and I had to cancell,but still didn't get the refund which they promised to pay within 24 hours when I contacted the customers care line.",1,2026-07-13 18:43:55
good,5,2026-07-13 09:05:20
very unstable 😕 😐 😑 it can't place my oder right,1,2026-07-12 21:48:38
super app,5,2026-07-12 19:55:40
supiri,5,2026-07-12 15:42:27
i cant login after entering the otp ..i have tried multiple times,1,2026-07-12 13:02:08
"Drivers are allowed to carry more passengers than the seating cpacity allowes"" which is illeagal. Furthermore, the company must also educate its customers not to exceed the seating capacity.",1,2026-07-12 11:41:28
at this moment the app is not working properly,1,2026-07-12 09:40:07
pick me drive not there,1,2026-07-11 17:43:22
Good 👍,5,2026-07-11 11:36:02
usefull app💫 most recommended,5,2026-07-10 20:32:11
very super,5,2026-07-10 10:34:48
excellent,5,2026-07-09 09:00:22
good,5,2026-07-08 18:08:23
good,5,2026-07-08 17:49:34
good,5,2026-07-08 13:35:06
superb 🤟,5,2026-07-08 11:47:53
The driver is not polite,1,2026-07-07 18:51:28
sometimes good .sometimes very bad,3,2026-07-07 14:36:34
not user friendly,1,2026-07-07 12:29:51
"the app literally scam people. when you just select the pick up and drop off points, it calculate the fare for the longest route, at first i thought it was the quickest route but thats not the case, and the driver take a route he prefer, which is usually the shortest route. And at the end there will be like 5km difference between the estimated distance and the actual distance but the fare won't change. so make sure you add stops on the route u plan to take, then only it calculates the fair fare.",1,2026-07-07 12:26:00
🤙,5,2026-07-07 12:14:56
The new surcharge is totally unfair,1,2026-07-07 07:31:16
"Absolutely disappointing. I urgently needed to use the PickMe app, but I couldn't even log in. This is one of the most unreliable services I've used. An app that doesn't work when customers need it most is completely unacceptable. Please fix your servers and improve the stability of your app. You're wasting your customers' time.",1,2026-07-06 21:15:53
good,5,2026-07-06 17:09:55
very nice,5,2026-07-06 10:54:09
"No riders to pickup the orders ,Too late , Fully Dissapointed",1,2026-07-05 23:29:03
HAPPY RECOMMENDED ....👌👌,5,2026-07-05 20:55:47
average,5,2026-07-05 17:09:12
good,5,2026-07-05 13:43:10
trip was abondend at Midway poor service,1,2026-07-05 06:34:01
"Worst experience with the PickMe app. I placed an order at 6:00 PM, expecting a timely delivery, but it wasn't delivered until 10:30 PM. That's a delay of more than 4 hours, which is completely unacceptable. I repeatedly explained to the PickMe driver that the order was urgent, but the delivery was still made very late. This is not fair to customers who rely on your service. Very disappointed with this experience. I hope PickMe improves its delivery service and customer support",1,2026-07-04 22:43:09
good,5,2026-07-04 18:59:32
"Sadly, this app has been getting worse day by day, both in performance and service quality, just waiting for a good alternative to switch.",1,2026-07-04 13:05:01
good,5,2026-07-04 06:27:10
pickme food not work properly,1,2026-07-03 21:18:53
Good,5,2026-07-03 20:32:36
i think better ower rewews 💥🍄🆔,5,2026-07-03 18:53:45
location not working,1,2026-07-03 08:08:46
"there are lesser and lesser pickme rides day by day and cant reach the needed destination in time no matter how early we wait, the drivers would come right by the location and cancel, which wastes a load of time even after confirming the ride multiple times, which management looked into this more.. 😔😔",2,2026-07-03 07:16:38
very important app,5,2026-07-02 21:42:05
I love this app,5,2026-07-02 20:19:05
good app,5,2026-07-02 19:49:09
"such a terrible app, always loading and loading.. always couldn't find the location.. please fix mn it",1,2026-07-02 18:04:06
PAYEMENT HIGH RATED,1,2026-07-02 17:51:35
this app is not open in my phone why?what's the issue.my phone is vivo y93 please check this issue,1,2026-07-02 15:41:31
the e bill ricipt is very useful thanks for adding a feature like that,5,2026-07-02 09:49:39
super,5,2026-07-01 21:02:13
very helpful🫂,5,2026-07-01 19:40:06
"Always refusing the card payments, drivers attitudes are worst",1,2026-07-01 16:09:21
very good,4,2026-07-01 10:32:39
"If a driver is on a order or ride, don't recommend another ride or delivery, because it delays our time",2,2026-07-01 07:41:26
"I have noticed some drivers and specially riders record us and put the videos on social media platforms like faceboom or tiktok without our consent! Totally violation of privacy... they reveal publically our locations, whom we are with, what we ordered, where we go ect ect! you should do something about this! and other users, be aware about those so-called content creating riders who violate your privacy!",1,2026-06-30 21:07:59
"WORST CUSTOMER SERVICE EVER. IF U EVER HAVE A COMPLAIN, THEY TOOK A LONG TIME TO ANSWER BETTER UBER",1,2026-06-30 14:08:23
"Absolutely unacceptable. It's been months since the Ne-Yo concert was canceled, and I'm still waiting for my refund. Customer support has been unresponsive, calls are ignored, and there has been no meaningful resolution despite repeated follow-ups. This has been one of the worst customer service experiences I've ever had.This is one of the biggest scamming companies in Sri Lanka. I strongly advise everyone to avoid using them.",1,2026-06-30 13:38:48
there is an update right when I need it most and i can't use it without updating. thanks,1,2026-06-30 12:54:43
Worst taxi app ever. When we order a taxi in 6.30 a.m to 7.45 a.m any taxi can not find it. 😡😡😡🤬,1,2026-06-30 07:06:12
good service,5,2026-06-30 06:34:45
A long time bug. Can't schedule a ride for future time. ex: now it is 10pm. I want to schedule a ride for tomorrow 6am. i can pick tomorrow but not 6am. but it is possible to pick 11pm like time (after 10pm). This is a bug.,4,2026-06-29 22:18:01
very good,4,2026-06-29 21:28:08
eizy traveling 24 hours service,1,2026-06-29 17:39:49
"very disappointed app. once I am above to achieve platinum loyalty customer from gold they did such a rubbish and unexpected procedure that they suddenly dropped into silver customer. when I complained, they said that i registered recently. Literally, i have been used this app for more than 1 year.these guys are cheating",1,2026-06-29 13:39:34
Good,5,2026-06-29 13:03:07
👍👍,5,2026-06-29 11:39:32
Nice and easy,5,2026-06-29 00:12:04
soopeerrr,5,2026-06-28 17:30:31
"drivers behave badly, asking cash when we book for someone else",3,2026-06-28 17:28:34
food Safe travels,5,2026-06-28 13:21:28
this gut helped,5,2026-06-28 10:31:08
Not good. Not bad. But service is very ugly,1,2026-06-28 10:02:36
Before it was good. but now sooooo bad tooo slow to get a driver high rates and don't reccomend this I reccomend Uber(the best),3,2026-06-28 09:19:36
nice,5,2026-06-28 08:15:49
👌👌👌❤,5,2026-06-28 00:50:49
fast delivery and quality rides.💯👌,5,2026-06-27 20:56:59
not efficient facility,1,2026-06-27 18:50:46
Friendly & excellent service,5,2026-06-27 17:05:52
Super Sri Lankan Safe Flash App,5,2026-06-27 16:03:43
i like pick me ❤️,5,2026-06-27 08:22:57
some zip cars are not maintained well. the interior is so unclean and with bad odour. please look into this.,5,2026-06-26 21:30:27
"Compared to Uber, the route selections after we chose where we wanna go, always got long routes which includes higher traffic and price. it was so embarrassed me causing so much time consumed to the get on time in the location. you better prepare this inefficient ways in the app.",1,2026-06-26 17:28:34
average satisfaction,3,2026-06-26 16:29:54
careless driving. over charged,1,2026-06-26 16:18:58
"Drivers call you and interview you, if you don't pass the interview they will cancel.",1,2026-06-26 13:27:18
எனி ஹெல்ப் புல்,5,2026-06-26 12:40:39
Excellent,5,2026-06-26 11:46:09
🫂❤️,5,2026-06-25 20:17:23
"how many fees are you going to get ? handling fee,surge fee,handling fee, small package fee, late night fee taxes for famous outlets ... seriously? So is this your objective when starting this business? I remember that you are going to do srilankanized one lol 😆",1,2026-06-25 18:57:43
great but slow,5,2026-06-25 18:40:21
good,5,2026-06-25 17:08:10
"I am disappointed with how my account was handled. Sometimes rides get canceled because I accept requests from both Uber and PickMe, and I keep the one that arrives first. I understand that frequent cancellations are not ideal, but permanently blocking an account for this seems too harsh. Why is a permanent block used instead of a warning, temporary suspension, or another fair solution? I would appreciate it if you could review the account and consider a more reasonable resolution. Thank you.",2,2026-06-25 11:30:25
Bad worj,1,2026-06-25 09:23:43
good,5,2026-06-25 00:21:35
not a pass,5,2026-06-24 18:06:05
cash payment,5,2026-06-24 12:33:50
good service,4,2026-06-24 00:43:17
good,5,2026-06-23 23:19:00
thank you so much,5,2026-06-23 21:50:57
irritating location issues plz make it correct I just waste my time 1hr,1,2026-06-23 16:38:42
good,5,2026-06-22 20:13:02
top,4,2026-06-22 15:57:27
good,5,2026-06-22 14:21:48
good,5,2026-06-22 08:46:07
I'm giving it 5 stars and also I would suggest you to add up a timing system like a 20 min thing in which if the restaurant or the driver after picking it up failed to make it up on time the customer gets an off of some amount just like the (Hunger station) in Saudi Arabia I know it's a lot to ask but giving an option like that would make many people to buy and also the restaurant and the driver will have a priority to deliver the food within time.,5,2026-06-22 01:05:08
brilliant service 🔝,5,2026-06-21 20:34:15
"Great app for taxi and food, huge saving and convenient",5,2026-06-21 16:49:11
good job,5,2026-06-20 23:21:03
cant satisfied,1,2026-06-20 18:48:51
excellent service,5,2026-06-20 16:55:09
very good,5,2026-06-20 09:51:02
Surperb,5,2026-06-20 06:19:40
A best service. Thank you very much for it.,5,2026-06-19 10:09:13
super,5,2026-06-18 21:34:12
"the vehicle he came is defferent to the the number in the app,he asked for a OTP when the trip was finish.this was the first time i experienced.it didnt appear on the phone however he took my phone and got the number.",1,2026-06-18 17:22:44
"Very disappointing experience with PickMe Food. My bakery order's ETA changed 3 times and stayed on ""Food ready, waiting for pickup"" for nearly an hour. I wanted to cancel, but there was no option in the app. The bakery couldn't cancel, PickMe support couldn't cancel, and even the rider couldn't cancel. I had to delay checking out of my hotel and wait for the food. The rider was fast once assigned, but the food arrived cold. Also, where is the option to review PickMe's service itself? Uber Eats",1,2026-06-18 14:04:51
sathapahata vedak ne,1,2026-06-18 09:32:53
"Last week had a bad experience. App has showed me and driver different paths, so it costed double fee. Pickme refused to refund. Always before start the trip check path and charges with driver.",1,2026-06-18 09:27:20
I know this isn't because of the app some of the drivers misuse the bid and some accepting trip and few minutes they cancel it or accept it and cancel it at the same time which is annoying.,2,2026-06-18 08:45:33
location is scrambled. it shows that don't exist,1,2026-06-17 08:02:47
not bad,1,2026-06-17 05:57:58
very poor customer service in pickme.when we call to customer care they every time lying.the giving fake details to us.they only focusing commission from us.. please don't recommend for anyone..,1,2026-06-16 23:36:59
not working error message sorry! we could not verify your number (First installed ),1,2026-06-16 14:51:00
great Driver,5,2026-06-15 22:48:52
Nice app gives fair price for the passenger ❤️,5,2026-06-15 14:23:42
Good Service,5,2026-06-14 12:56:54
Api pick me eken kama ekak dana dawasata hamadama paya ganak badaginne weleenna una Service eka mama anthimai,1,2026-06-14 03:06:37
Good,5,2026-06-13 22:47:05
New app update doesn't work on some mobiles...!,1,2026-06-13 20:57:06
Some times the riders are taking more from the clients,5,2026-06-13 17:24:36
This app is a huge scam now. it intentionally selects an absurd longer route and even if you add stops along the way it makes it even more absurd. a 1km journey turns into a 3.5km one and they charge for the 3.5km even if we take the 1km route,1,2026-06-13 13:33:35
"This is one of the most annoying apps for booking rides. The ride get cancelld many times, or the price go higer than regular taxi ride and the booking takes so much time. Rides are very costly and the location get messed up often too. Neither fast service , nor accurate locating or nor rides on convenience price.",1,2026-06-13 12:40:26
app no work my phone,1,2026-06-13 09:11:32
this app microstutters alot when loading restaurants to loading menus.,1,2026-06-12 10:25:24
I cannot access your appp,1,2026-06-11 17:46:14
trash app.when I went some where it showed 4.7km and 10m but the drivers know a trick that when they go slower even though there is no traffic so the app shows 20m and it charges more + I get late. I would highly appreciate it if you could fix this. (some drivers also trick us by changing the gear so we think we are going normal speed even though we are going like 10kmph),1,2026-06-11 14:26:39
I ordered a yellow rice from kotahena keells today..not enough even for a single person and the rice is too salty. very bad..,1,2026-06-11 12:40:37
new bag,5,2026-06-10 21:13:54
very bad app,1,2026-06-10 12:32:20
It's Good Job,5,2026-06-10 08:20:37
best,5,2026-06-09 17:51:17
it's good,5,2026-06-09 15:42:45
itZ good.,3,2026-06-09 09:36:49
good,5,2026-06-09 06:36:55
why pick me not active tell me please,5,2026-06-09 06:13:33
රෙජිස්ට්‍රේශන් එක ඇප්ලයි කරලා දවස් 4ක් ගිහිනුත් රිප්ලයි නෑ.ඇහුවම ඩොකියුමන්‍ට්ස් එහෙමට්ග් සම්පූර්ණයිලු.,1,2026-06-08 17:31:08
"Nice,comfortable and enjoyable",5,2026-06-08 16:11:42
Day by day I can increase my income through pick me .,5,2026-06-07 16:36:18
If you can't fix your drivers' attitude there's no future for this service. already uninstalled and happily stopped using. I will make sure to share my experiences with people around me.,1,2026-06-07 00:10:47
Rare seat is uncomfotable.,4,2026-06-06 15:36:27
4n eke udin ena notification masg app eka athule thiyana notification wala pennanne na.,1,2026-06-06 13:16:03
pick me has been a great app before but currently there are many bjgs in the system and false information provided,2,2026-06-06 11:32:09
හදිසි වෙලාවක ඇප් එකට ගියොත් අප්ඩේට් එකක් ඇවිත්. අප්ඩේට් කරලම ‍යන්න වෙන්නෙ යන ගමනක්.,1,2026-06-06 10:20:47
app didnt even open goddamn,1,2026-06-06 08:11:47
useful,4,2026-06-05 17:05:07
The WORST food delivery service ever!. Gives a fake estimated delivery time and keeps prolonging it. Very disappointed.,1,2026-06-04 19:56:47
worst app I have ever used the the estimated time is just a scam it increased 1 and half hour,1,2026-06-04 19:55:58
Wonderful app,5,2026-06-04 15:18:09
good,1,2026-06-04 13:59:16
bad app waiting chagers and trip end over riding not add well.so drivers charge over,1,2026-06-04 12:33:15
good,5,2026-06-03 23:53:11
very good,1,2026-06-03 19:13:49
vari good is oik me,5,2026-06-03 18:27:25
verry verry bad app,1,2026-06-03 17:20:23
driver robbed me and shot everyone in the vehicle I declare this MURDER(driver no plate:ABW 8473,1,2026-06-03 14:26:15
My account got reset all of a sudden. All my added details are all gone. Very disappointed. Need a fix ASAP,1,2026-06-02 23:47:16
super app,5,2026-06-02 21:06:03
its not picking our phone numbers. its not a good app,1,2026-06-02 18:14:42
"App is good, very useful. Only issue is the riders are crying for cash payments. But the main use of these type of apps are hassel free access with new technology. As per the riders you guys have different commission methods for cash and card payments. With evolution of technology you should be more focus on encouraging paperless method. Means you should give some benefit to riders when using card payments. Because payment directly crediting to your account. Hope you will look in to this sooner",4,2026-06-02 12:41:09
Easy riding partner,5,2026-06-02 09:29:39
good,2,2026-06-02 07:29:37
good,1,2026-06-02 06:38:37
this app banned me for no reson,1,2026-06-01 14:03:36
useless,1,2026-06-01 08:51:11
gives automated discounts. when appealed after the trip. they ask for screenshots. bad service.,1,2026-05-31 16:26:25
good,5,2026-05-31 16:07:31
good 👍,5,2026-05-30 21:33:29
"PickMe is not as fast as before. I don't think anyone should order food through PickMe anymore. I placed an order and it's been more than an hour, but it still hasn't arrived. The restaurant is located in Mount Lavinia, and the delivery address is Hill Street. Does it really take over an hour for such a delivery? I'm very disappointed with the service.",1,2026-05-30 18:22:57
disappointing customer service,1,2026-05-30 12:31:46
nice,5,2026-05-30 12:07:06
"I would like to request an app where only the ride, event, rental, delivery and truck function are available. The food and market options are too distracting and its very much unfair for the user.",1,2026-05-30 04:59:54
expert,5,2026-05-29 21:34:39
very good,5,2026-05-29 17:06:28
"Please train your drivers to be polite with passengers. I recently booked a travel CAY5185 car he was arrogant and can not say any other words to him he did not even listen, and he intentionally drove us to some long routes to increase his fare Please avoid these types of drivers to your organisation. I know you're not going to take any actions against him. please train those drivers",1,2026-05-29 15:54:33
good morning day,4,2026-05-29 12:20:26
app eka godak wela load wenawa....ss upload krnna permission dunnoth pennanna puluwan....mge photone 4 ma mehemayi😟😵‍💫😖,2,2026-05-29 07:11:46
Supper,5,2026-05-29 07:03:42
Not good app to much fault this app error error,1,2026-05-29 06:42:48
"after the new update i cannot log in to my account anymore in my vivo Y93,i was stuck in the middle of the night without being able to book a ride i had to walk 5kms get home,app asks for tge mobile number to register and it says,device is not verified,i have been using this app for years but really dissapointed because of only focusing on high end devices when updating the app,not everybody uses new expensive mobile phones",1,2026-05-29 01:17:26
more help full app,5,2026-05-28 22:40:52
"Interest in using this app is decreasing. It would be much better to conduct a face-to-face interview before selecting drivers, or at least allow only people within a suitable age limit to join. Many drivers still do not know how to navigate properly, even when guides are provided. Dealing with such situations becomes a difficult struggle for users, and this negatively affects the overall experience and interest in the app.Please consider allowing only drivers who have at least basic knowledge.",1,2026-05-28 17:53:23
one of the best app,1,2026-05-28 14:18:32
Too bad. It has been more than an hour. but no one is assigned to pick the parcel to deliver. The hotline is busy.,1,2026-05-28 13:34:50
"The rides feature is fine but the food delivery feature is terrible. One time I had to wait 1 hour just for a driver to be assigned. Another time, I waited for an hour for a driver to be assigned and then the app cancelled my order.",2,2026-05-28 12:47:06
Great App,5,2026-05-27 21:19:42
"PickMe drivers rarely accept rides. Even when they do, they often cancel halfway through. This happens to me every single time. In my experience, Uber drivers are much more reliable than PickMe drivers.",1,2026-05-27 18:11:54
"Horrible Experience. I have been using since it launch in late 2015. I find PickMe is going bad to worse day by day. I use PickMe Flash for business purposes and personal services. Each and every time I book PickMe Flash it automatically books / sends multiple vehicles (similar Vehicle if I book bike, then multiple bikes, if I request for Tuk Tuk, then multiple tuk tuks) and sends to requested location. This has been happening for last six months. Customer care service? Horrible service.",2,2026-05-27 13:59:11
good app,5,2026-05-27 11:18:30
how to hide your promotion notification ?????,1,2026-05-27 11:07:08
I came from kaduwela bus stand to near Cinec campus. It estimated 4.6km and showed lkr 398. But when I got there it showed actual distance was 13.48km. Even if I come from the longest route it's 6.1km. why this app showed like this.,1,2026-05-27 09:19:10
"well, to catch a ride sure not bad. I recommend the verification method tho. the food delivery though, takes ages for them to get a delivery person so no food deliveries.",3,2026-05-26 18:38:28
now we rather use meter taxi. poor service,1,2026-05-26 17:07:26
ok,1,2026-05-26 08:14:35
anytime the rider cancel bad app,1,2026-05-26 07:11:32
good but need a system update.,5,2026-05-26 02:36:41
trip close time and payment slow,5,2026-05-25 22:58:29
good,5,2026-05-25 19:51:40
yes its good,5,2026-05-25 06:23:48
"Pickme food service system is terribly designed to not be responsible about its own service. I order dinner and hours go by with no driver, food gets cold, we cant cancel the order, and the customer care never answers. This is not a one time experience.",1,2026-05-24 21:57:55
குட் அப்போ,5,2026-05-24 13:33:13
👍,5,2026-05-23 18:02:54
excellent service,5,2026-05-23 12:25:28
trust ❤️,5,2026-05-23 09:01:18
very good and reliable service,5,2026-05-22 21:02:07
good,5,2026-05-22 19:48:12
bad app poor customer care😡,1,2026-05-22 19:10:21
Very bad delivery service and the communication was poor never ordering again. please have a cancellation option.,1,2026-05-22 15:30:44
orders getting soooooo delay,2,2026-05-21 18:55:06
"I have a oppo a5s and I gave like android 8 ,but the app doesn't work for me",1,2026-05-21 16:56:47
pick me is veryfast⏩,5,2026-05-21 14:29:45
worst app. always bugs,1,2026-05-21 12:43:34
☺☺,5,2026-05-21 09:34:34
friendly & easy to use and very useful app,4,2026-05-20 10:53:27
❤️❤️❤️❤️❤️❤️❤️❤️,5,2026-05-20 09:18:45
Good,3,2026-05-20 08:03:23
over charge now 2026/05/19,1,2026-05-19 19:39:59
very very good,5,2026-05-19 13:06:26
Amazing app,5,2026-05-19 08:13:48
"""Highly trusted, secure, and affordable. Congratulations!""",5,2026-05-19 08:06:28
wow i like to travel with pick me,5,2026-05-19 02:39:35
help me,5,2026-05-19 02:29:55
"I've been a user for a long time the issue I have is, it seems like y'all only save the history of rides and activity on the local storage. Cuz I recently changed my phone and It's like a fresh app now. only my personal details are there. No History or anything at all.🤦🏻",4,2026-05-18 23:04:19
use ful app,5,2026-05-18 22:48:44
Nicee tric,5,2026-05-18 17:14:42
they don't pay their drivers well.,1,2026-05-18 12:18:08
"My trip fare was Rs.767.00 , but the driver charged Rs.1000.00 in cash. Please check this trip and assist with the overcharge. ( AAV0195 tuk -Dinesh )",1,2026-05-18 10:47:40
This. Pick me service is useless. Not impressed with the services of the call center.,1,2026-05-17 20:43:21
good,5,2026-05-17 19:56:25
😋,5,2026-05-17 13:48:08
"in my last few pickme 3wil trips, 3 of them couldn't find the right locations and correct routes without me correcting them. some are entirely worng routes. some are very long routes compared to correct one. ( correct route is route i see in the app when i book the trip) so i had to pay extra 30% - 40% for the trip. please fix this routing issue quickly.",1,2026-05-17 12:04:31
ok,5,2026-05-17 00:09:48
now the services is quite good,5,2026-05-16 10:37:10
the actual fare at the end of the ride Is more than the starting fare. trash app ngl,1,2026-05-16 09:40:19
it's too helpful and awesome..... safe traveling. good conversation.. nice location. nice price level 👍🏻🤗,5,2026-05-15 20:39:22
good,5,2026-05-15 20:22:16
"A thief who stole my groceries worth Rs. 18,000/- and vanished while I got down at my second stop to purchase some stuff. This is posted to as an eye opener for all who are going to get in to this tuk. Beware and be cautious",1,2026-05-15 19:41:35
good service,5,2026-05-15 17:17:08
"bad service experienced in meal delivery service. 90 mins, Pickme can't find a delivery rider to deliver foods.. worst experience",1,2026-05-15 13:44:31
lankawe godak pickme karayo wahina dawasakata tip illala marena hadanawa ekek wath enne na,1,2026-05-14 23:55:51
best,5,2026-05-14 19:37:43
very bad,1,2026-05-14 14:19:16
worst app ever and their hotline also unable to work properly,1,2026-05-14 11:06:26
very bad service drivers asking to cancel the app drive driectly to hireand asked more money. vehicles not clean allthe time when i use this. do the needful make a proper service,1,2026-05-14 10:25:54
good service,5,2026-05-14 07:37:34
5 eyes,5,2026-05-13 23:54:10
"Very disappointing experience with PickMe. The app fare for my delivery was Rs. 3,163, but after we unloaded the goods, the driver demanded Rs. 5,000, saying he would not get a return hire. I had no smaller notes at the time and no choice but to pay. What was even more disappointing was PickMe refusing to refund the excess amount after multiple complaints. It felt very unfair that a loyal customer was left unprotected while a driver was allowed to take advantage of the situation. Extremely unpro",1,2026-05-13 19:16:50
v.good app,5,2026-05-13 13:45:50
Good,5,2026-05-12 19:16:44
no option to disable marketing notifications,1,2026-05-12 10:31:58
good,5,2026-05-11 18:17:56
good,5,2026-05-11 17:11:18
good,4,2026-05-11 13:09:04
very good,5,2026-05-11 10:35:18
good,5,2026-05-11 08:59:21
ok,5,2026-05-11 08:00:03
good,5,2026-05-11 01:44:37
good 👍,5,2026-05-10 21:59:49
thank you for a comfortable travel,5,2026-05-10 14:50:02
this is so bad we ordered some food and they said they can bring it within 30 minutes but we waited for 120 minutes but still didn't get it and there is no way to contact help center. so bad app.,1,2026-05-09 23:33:37
bad app they take more oders and dealer Always late,1,2026-05-09 20:44:06
"Worst app ever.. Rides are good but when it comes to foods it will take at least 2hrs to deliver within 5kms.. To assign a delivery partner, they are taking just 30-40 minutes..",1,2026-05-09 20:30:09
double booking by App mistake. I was charged Rs30 cancellation fee.,1,2026-05-09 17:34:45
worst app. accepting orders when riders arent available. both restaurant and me had to wait and I had to be hungry for an hour and also then the restaurant had to cancel,1,2026-05-09 16:47:44
good,5,2026-05-09 11:43:22
"My account was reset multiple times now. This is unacceptable. All of my personal information, ride information, addresses? ALL GONE. Horrible app.",1,2026-05-09 07:05:56
Can't Install this App. It always try to get into driver app. So inconvinient and irritating. This happens from time to time.,5,2026-05-09 06:36:28
"“Very disappointed with his service. He intentionally takes wrong routes to increase the hire cost, and his attitude is unprofessional.”",1,2026-05-08 19:55:29
very good,5,2026-05-08 15:54:47
"Hi PickMe Support, My completed trip is not showing in the app, so I’m unable to submit a complaint. I booked a tuk from Wellawatte 36th Lane to Wellawatte Zuzi. The payment was already made by card in the app, but by mistake I also paid cash to the driver. The driver did not return the money and is not answering my calls. Please check my trip history and help me get a refund for the extra cash payment. Thank you.",1,2026-05-08 11:08:10
Your app is not up to date. location is not shown properly to the drivers & riders,3,2026-05-07 21:24:22
good driving,3,2026-05-07 21:19:34
waste 100%,1,2026-05-07 19:21:14
very good,4,2026-05-07 13:01:55
very good,5,2026-05-06 22:44:39
this one very good 👍,5,2026-05-06 20:42:45
re editing my 2 star review to make it 1 star. the pick me food additional charges are so obviously fake and just painful cash grabs. Uber is starting to be much more appealing,1,2026-05-06 15:58:08
I'll always use this app to transport..but now a days it's showing another price during booking .and after that it's showing plus 200rs like during drop location..how is it possible ..when the driver don't know the road or shortcuts means it's their mistake right.so u can't take money from us ..so I'm very disappointed with pick me now a days..if they don't know the road they will return and return to same road . but for that getting money from us bcz of the duration means very worst,1,2026-05-06 12:23:16
good,5,2026-05-06 10:35:25
All good but the membership status is ridiculous and pointless.. it offers almost same offers for platinum members as silver members..,2,2026-05-05 22:39:36
Very good,5,2026-05-05 21:25:05
good app,5,2026-05-05 13:27:04
"1. pickme is not locating rides as fast as UBER, I only use pickme but on my stay in Colombo I tried 3s and no end to searching, but UBER response was fast, all 3 rides for UBER. 2. how can a customer directly contact?",1,2026-05-05 08:32:15
good,5,2026-05-05 00:02:03
This app best 💯👍,5,2026-05-04 22:07:48
"Pickme is poor in reading my location, even if I pin the location changes with every driver you send me. My door number shows elsewhere.",3,2026-05-04 20:45:21
excellent,5,2026-05-04 19:55:14
good,5,2026-05-04 19:51:44
💯,5,2026-05-04 16:56:27
"very very very good,perfect",5,2026-05-03 23:18:41
Good app,3,2026-05-02 19:20:38
kalai,5,2026-05-02 14:46:59
"when booking shows one amount, when price finish amount increased with surcharges ,",1,2026-05-02 14:12:07
can't order beverages n food and groceries from the same place from this app. Habe to place several orders to do so. Once they charged the order amount from my credit card but once order cancelled from the restaurant they didn't return the money. I didn't get the order or money. I made a complain and they said they have returned the money but bank denied it. try to contact via hotline several times but never able to get in touch. Better to use cash om delivery if you use pick me.,2,2026-05-02 12:25:54
Good,5,2026-05-02 04:38:52
supar,5,2026-05-01 19:17:02
"For activation, they send codes to Whatsapp which I refuse to use.",1,2026-05-01 17:13:24
this app is very nice app. this app is very use full,5,2026-05-01 10:18:49
සුපර්,1,2026-05-01 09:35:49
not work,5,2026-05-01 09:08:36
"Rating: 0 if I could ""PickMe has stopped being a delivery app and has become a digital pickpocket. How do you justify charging LKR 265 in fees for a LKR 380 order? That is a 70% markup for a 2-minute drive. Small order fee, convenience fee, fuel fee, bag fee—what’s next? A 'wear and tear on the rider's tires' fee? You’re triple-dipping on every order. I’m not paying for a meal; I’m paying for your board members' bonuses. Uninstalling and going to Uber Eats. Absolute joke.""",1,2026-05-01 09:05:51
"They are charging for cancelling trips before it start, even with valid reason.",1,2026-05-01 01:42:09
Worst app ever provided by a service provider.Customer care is very bad,1,2026-04-30 22:51:20
good,1,2026-04-30 17:32:17
the great app ever because of the service and the support teams response immediately to resolve the issue after discussing with both side. Sri Lanka best ride and transportation,5,2026-04-30 17:05:55
good,5,2026-04-30 16:57:58
Please check on this. some drivers are taking the trip and never show up. at least won't answer the phone. if there is a way to add screenshot its better for review option. then you'll can be updated on the drivers who does like this.,1,2026-04-30 08:06:35
very good,5,2026-04-29 20:16:00
Courteous and well mannered .,5,2026-04-29 17:12:30
good,5,2026-04-28 12:50:40
highly recommended,5,2026-04-28 12:45:29
Great,5,2026-04-28 10:30:27
good,5,2026-04-28 09:49:42
Good,5,2026-04-27 20:47:43
"I’m very disappointed with PickMe’s customer service. I waited almost 2 hours for one food order, and another time it took around 5 hours. When I called 1331 for help, the line was unstable, kept cutting off, or seemed to disconnect before my issue was resolved. Please improve your call capacity and make customer support more reliable.",1,2026-04-27 20:39:33
good,5,2026-04-27 18:46:24
❤️,5,2026-04-27 13:45:47
very helpful,5,2026-04-27 02:46:45
very bad,1,2026-04-26 23:43:23
Pick me rides most of the time good. But pickme food delivery is poor service. Today I ordered for my dinner like 8'o clock. It took a long time like more than 1 and 1/2 hour to get my order from merchant. I called the merchant also. They informed us there is no delivery partners at that moment due to rain. But there is no rain in Colombo today. Just thunderstorm only.,2,2026-04-26 22:34:56
melo rahak ne,5,2026-04-26 22:15:12
"Working as a PickMe driver is a valuable experience. I meet different passengers daily and improve my communication skills. Income depends on trips, so some days are good and some are slow. Traffic and fuel costs are challenges, but flexible working hours are a big advantage.",5,2026-04-26 20:26:35
"on time, Safe driving ability, Friendly",5,2026-04-26 17:43:06
Very useful app for me and easy use. i love it,5,2026-04-26 12:30:43
පාරේ ත්‍රීවිල් එකක 200 යන දුරට 450කට වඩා ගන්නවා.. පිස්සු මුන්ට,1,2026-04-25 20:34:45
This app is not opening in my mobile.,1,2026-04-25 14:05:43
update ekk diyan pissu kelinw,5,2026-04-25 09:51:42
Very polite and professional driver.Clean and comfortable car,5,2026-04-25 07:00:43
good transport,5,2026-04-25 00:35:14
nice,5,2026-04-24 19:44:41
good,5,2026-04-24 15:31:27
good,5,2026-04-23 20:03:21
good,5,2026-04-23 18:03:27
good,4,2026-04-23 17:24:14
good,5,2026-04-23 16:27:34
Excellent,5,2026-04-23 10:56:02
good,5,2026-04-23 10:02:13
GOOD SERVICES AND REASONABLE CHARGES IN SRILANKA.,5,2026-04-22 23:36:44
Very bad app... always taff change,1,2026-04-22 23:17:57
taxi I wont,1,2026-04-22 21:53:40
good,5,2026-04-22 21:04:41
easy to order foods and ride. and their timing is absolutely good 👍,5,2026-04-22 18:08:09
great,5,2026-04-22 13:45:33
good,5,2026-04-21 20:58:04
super,5,2026-04-21 19:39:20
Pickme has seen better days,2,2026-04-21 14:17:28
Good app.. but some bugs here and there. I cannot text the riders using the inbuilt messaging app. Gives me something went wrong. and the notification icons on the notification bar shows a white empty ball .. not configured properly. Im in a pixel 9 pro,3,2026-04-21 09:09:39
